AssetID;AssetName;AssetTypename;BranchOffice;Domain;PostLocation;Department;Building;PurchaseDate;WarrantyDate;PO;OS;Model;Brand;IPAddress;Username;UserDomain;BuildNumber;LastChanged;AssetGroup;OScode;OSversion;ServicePackversion;SoftwareVersion;FirmwareVersion;SiteID;Memory;Processor;ServiceVersion;LsAgentVersion;LastLsAgent;Location;Mac;Statename;Firstseen;Lastseen;Lasttried;Description;DNSName;FQDN;LastPatched;LastFullbackup;LastFullimage;Serialnumber;Scanserver;isManaged
KI1BQF;Norley;Mobile;NLGA;NC NLGA;Slovakia;Accounting;200;27/04/2021;27/04/2023;67-287-6935;Android;Galaxy S22;Samsung;127.36.60.16;wnorley0;NC NLGA;1677;15/07/2021;AG1;10.0.19042;20H2;9;0.93;0.30;11;16384;i5;63;14;8;Slovakia;C8-41-CF-DD-C1-56;;01/02/2021;10/01/2022;08/02/2022;Ameliorated demand-driven interface;nlga.mil;ki1bqf.nlga.mil;22/04/2021;13/01/2022;11/03/2022;N1T-L71-DRH;Server2;Y
RIV5DA;Linwood;Laptop;NHSA;NR NHSA;Italy;Business Development;400;30/01/2020;30/01/2022;86-166-0883;Windows;HP Elitebook 850 GS; HP;197.150.99.233;glinwood1;NR NHSA;1504;10/06/2021;AG1;10.0.21033;20H2;1;6.4;1.2.0;43;4096;i5;15;14;100;Italy;13-29-49-BA-40-6F;;26/02/2021;30/01/2022;26/02/2022;Face to face dedicated analyzer;nhsa.int;riv5da.nhsa.int;15/05/2021;30/08/2021;05/04/2021;23X-XQW-BMU;Server2;Y
ZDP1S3;Blockwell;Mobile;NBYA;NC NBYA;the United Kingdom;Accounting;409;08/07/2021;08/07/2023;13-211-1974;Android;Galaxy S22;Samsung;46.191.232.98;sblockwell2;NC NBYA;2148;22/02/2022;AG2;10.0.19042;1909;2;9.8.0;0.9.5;96;8192;i7;93;15;79;the United Kingdom;55-6E-F1-88-B3-61;;15/01/2021;30/11/2021;04/12/2021;Synergized didactic project;nbya.mil;zdp1s3.nbya.mil;06/07/2021;29/06/2021;21/11/2021;3DS-T5W-MPQ;Server2;Y
ROPGI4;Cogman;Tablet;NYOA;NR NYOA;Italy;Business Development;349;06/05/2021;06/05/2023;02-749-8114;Android;T20; Nokia;236.139.135.147;acogman3;NR NYOA;1571;21/09/2021;AG2;10.0.21033;20H2;4;3.5.7;0.26;55;16384;i7;20;10;99;Italy;96-7C-47-14-65-A9;;12/01/2021;13/11/2021;25/11/2021;Diverse coherent analyzer;nyoa.int;ropgi4.nyoa.int;06/06/2021;28/11/2021;25/12/2021;H0W-TR6-S26;Server2;Y
ITVP3B;Girardetti;Tablet;NEUA;NR NEUA;Lithuania;Human Resources;390;04/11/2021;04/11/2023;84-602-5318;Android;T20; Nokia;236.195.67.144;dgirardetti4;NR NEUA;2004;26/10/2021;AG1;10.0.21033;1909;8;0.8.1;7.0;2;8192;i9;29;11;6;Lithuania;19-AA-97-6B-B0-92;;01/03/2021;12/02/2022;17/02/2022;Vision-oriented exuding service-desk;neua.mil;itvp3b.neua.mil;17/04/2021;05/07/2021;11/06/2021;47M-J5D-7CW;Server2;Y
Z14838;MacKissack;Desktop;NFCA;NR NFCA;Iceland;Training;272;26/06/2020;26/06/2022;92-393-4827;Windows;Latitude 7420;Dell;50.20.74.209;cmackissack5;NR NFCA;1825;14/01/2022;AG1;10.0.21033;1909;1;3.5.3;6.5.4;77;12288;i7;39;12;4;Iceland;C0-A8-EC-D8-E3-7D;;19/01/2021;18/12/2021;08/01/2022;Sharable dynamic challenge;nfca.org;z14838.nfca.org;21/04/2021;13/08/2021;17/05/2021;N7H-8XD-GBL;Server2;Y
QYYFLD;Cadle;Desktop;NLXA;NR NLXA;Belgium;Accounting;500;14/08/2020;14/08/2022;62-428-5833;Windows;Latitude 7420;Dell;169.177.101.165;mcadle6;NR NLXA;2170;19/09/2021;AG2;10.0.21033;20H2;10;0.5.4;0.69;45;8192;i5;2;20;70;Belgium;EB-1B-64-C7-7F-28;;26/02/2021;17/01/2022;23/01/2022;Face to face web-enabled internet solution;nlxa.mil;qyyfld.nlxa.mil;19/09/2021;25/05/2021;24/12/2021;1IK-IPH-YKW;Server2;Y
I1J8AA;Barabich;Laptop;NUFA;NR NUFA;Slovakia;Accounting;326;07/04/2020;07/04/2022;07-823-0469;Windows;HP Elitebook 850 GS; HP;41.45.220.186;tbarabich7;NR NUFA;2082;12/08/2021;AG2;10.0.21033;1909;1;0.13;8.53;98;4096;i5;69;16;63;Slovakia;4C-DA-FB-2C-5B-18;;23/02/2021;19/01/2022;15/02/2022;Fully-configurable optimizing emulation;nufa.org;i1j8aa.nufa.org;06/04/2021;15/01/2022;16/01/2022;S4R-PG5-2FW;Server2;Y
XR12HC;Gaisford;Desktop;NZZA;NR NZZA;France;Marketing;498;27/10/2020;27/10/2022;43-008-9015;Windows;Latitude 7420;Dell;7.106.194.90;sgaisford8;NR NZZA;2168;21/04/2021;AG1;10.0.21033;20H2;7;0.7.0;0.28;85;16384;i7;47;19;79;France;71-4F-73-46-5E-F3;;27/01/2021;30/12/2021;04/01/2022;Down-sized 6th generation budgetary management;nzza.org;xr12hc.nzza.org;16/09/2021;19/02/2022;27/10/2021;3NQ-FHX-FCV;Server2;Y
RQZMEO;McCarron;Mobile;NZMA;NC NZMA;Slovakia;Product Management;363;08/05/2021;08/05/2023;79-175-2731;Android;Galaxy S22;Samsung;128.73.184.162;dmccarron9;NC NZMA;2043;17/08/2021;AG2;10.0.21033;20H2;3;0.2.0;0.1.8;100;4096;i3;35;19;89;Slovakia;C2-BF-E4-EC-A4-56;;22/01/2021;11/12/2021;10/01/2022;Polarised content-based policy;nzma.int;rqzmeo.nzma.int;02/07/2021;10/04/2021;21/02/2022;3O4-0WU-LGD;Server1;Y
N2DFKD;Eldin;Tablet;NIPA;NR NIPA;Croatia;Marketing;201;11/04/2020;11/04/2022;51-692-3270;Android;T20; Nokia;79.208.31.50;celdina;NR NIPA;2098;18/03/2022;AG1;10.0.19042;1909;2;1.00;0.7.9;7;12288;i7;88;17;2;Croatia;94-D9-0D-52-8C-50;;06/01/2021;07/11/2021;24/11/2021;Exclusive radical approach;nipa.int;n2dfkd.nipa.int;06/02/2022;29/01/2022;05/04/2021;VKU-S3O-BUT;Server1;Y
CPSC63;Hattoe;Desktop;NBZA;NR NBZA;Belgium;Marketing;436;16/11/2021;16/11/2023;39-789-1299;Windows;Latitude 7420;Dell;106.73.9.68;ahattoeb;NR NBZA;1684;18/03/2022;AG2;10.0.19042;20H2;8;7.86;3.94;99;16384;i9;46;15;66;Belgium;F9-8E-C3-3E-F8-8F;;22/03/2021;09/02/2022;21/02/2022;Team-oriented heuristic core;nbza.int;cpsc63.nbza.int;27/03/2022;13/02/2022;08/01/2022;1OA-RI6-XFG;Server1;Y
BHJQR1;Lux;Desktop;NWPA;NR NWPA;Romania;Engineering;271;22/08/2020;22/08/2022;56-767-5957;Windows;Latitude 7420;Dell;62.119.245.58;bluxc;NR NWPA;1870;18/11/2021;AG2;10.0.19042;1909;8;0.59;1.18;14;4096;i7;85;11;45;Romania;3E-8A-F7-53-2C-F2;;19/03/2021;26/01/2022;08/02/2022;Re-engineered fresh-thinking success;nwpa.mil;bhjqr1.nwpa.mil;05/06/2021;09/04/2021;16/04/2021;IQK-BH6-FOZ;Server2;Y
WK9JVW;Mann;Laptop;NFBA;NR NFBA;Belgium;Engineering;244;03/07/2021;03/07/2023;95-250-9329;Windows;HP Elitebook 850 GS; HP;210.152.160.193;pmannd;NR NFBA;1684;22/03/2022;AG2;10.0.21033;20H2;9;4.32;3.9;7;12288;i5;92;17;82;Belgium;C5-7A-2D-F9-63-E1;;18/01/2021;03/12/2021;30/12/2021;Ameliorated maximized interface;nfba.int;wk9jvw.nfba.int;03/11/2021;08/02/2022;07/01/2022;ELE-YAK-2RF;Server2;Y
EGLPF7;Forde;Desktop;NAIA;NR NAIA;Spain;Training;469;22/09/2020;22/09/2022;09-690-8554;Windows;Latitude 7420;Dell;198.200.59.38;gfordee;NR NAIA;1526;13/08/2021;AG1;10.0.21033;20H2;2;3.6;0.8.5;45;16384;i7;4;18;43;Spain;BD-99-26-DE-CB-E6;;29/03/2021;28/01/2022;24/02/2022;Diverse grid-enabled initiative;naia.int;eglpf7.naia.int;08/07/2021;25/04/2021;05/09/2021;YT7-TUN-WNF;Server1;Y
QW4LQN;Pullinger;Desktop;NWGA;NR NWGA;the United Kingdom;Engineering;100;24/04/2020;24/04/2022;34-693-3063;Windows;Latitude 7420;Dell;202.45.133.213;mpullingerf;NR NWGA;1723;14/01/2022;AG2;10.0.21033;20H2;8;2.2;0.60;49;4096;i3;41;16;29;the United Kingdom;31-52-EB-E4-01-F8;;17/01/2021;30/12/2021;09/01/2022;Upgradable modular local area network;nwga.mil;qw4lqn.nwga.mil;28/10/2021;18/07/2021;20/01/2022;BMI-NLN-GKV;Server1;Y
KB906P;Hickisson;Tablet;NBEA;NR NBEA;Lithuania;Engineering;153;03/10/2021;03/10/2023;85-209-4236;Android;T20; Nokia;138.62.198.170;shickissong;NR NBEA;1763;05/03/2022;AG2;10.0.21033;20H2;9;1.70;0.60;53;4096;i3;16;16;49;Lithuania;D0-06-3D-40-06-7A;;12/01/2021;01/12/2021;16/12/2021;Streamlined discrete website;nbea.mil;kb906p.nbea.mil;05/01/2022;05/03/2022;29/12/2021;8A5-R2A-99H;Server1;Y
SKJI31;Bourton;Mobile;NCVA;NC NCVA;Turkey;Services;141;01/12/2021;01/12/2023;88-001-1996;Android;Galaxy S22;Samsung;144.179.97.240;nbourtonh;NC NCVA;1999;12/10/2021;AG2;10.0.21033;1909;3;3.3;2.0.0;63;16384;i7;80;14;98;Turkey;00-27-AA-05-AD-77;;27/02/2021;16/01/2022;26/01/2022;Versatile multimedia array;ncva.int;skji31.ncva.int;15/12/2021;19/07/2021;24/10/2021;OXF-IYR-4DS;Server1;Y
Q583QU;Urquhart;Desktop;NBAA;NC NBAA;Hungary;Marketing;274;24/10/2020;24/10/2022;63-359-7546;Windows;Latitude 7420;Dell;142.81.40.133;burquharti;NC NBAA;2098;10/02/2022;AG1;10.0.21033;20H2;4;4.73;0.59;66;16384;i5;87;15;43;Hungary;36-62-A2-B5-28-01;;26/03/2021;26/02/2022;18/03/2022;Total zero tolerance secured line;nbaa.mil;q583qu.nbaa.mil;02/09/2021;15/11/2021;05/09/2021;WO3-HOF-E3A;Server1;Y
K9VAB1;Pring;Tablet;NXPA;NR NXPA;the Netherlands;Services;338;19/09/2021;19/09/2023;88-340-7402;Android;T20; Nokia;59.140.39.2;apringj;NR NXPA;2155;14/11/2021;AG1;10.0.19042;1909;8;9.2;4.6.9;86;16384;i5;67;11;34;the Netherlands;02-63-23-5D-FA-75;;03/03/2021;12/02/2022;07/03/2022;Team-oriented attitude-oriented encoding;nxpa.int;k9vab1.nxpa.int;17/06/2021;27/05/2021;30/08/2021;6QJ-R28-EUL;Server2;Y
BVVIUS;Kanzler;Mobile;NARA;NC NARA;the United Kingdom;Marketing;490;16/11/2020;16/11/2022;92-958-9243;Android;Galaxy S22;Samsung;3.151.138.132;ukanzlerk;NC NARA;1734;15/06/2021;AG2;10.0.19042;1909;8;4.5.3;5.90;98;16384;i7;32;20;43;the United Kingdom;BE-47-0A-8E-27-AA;;26/02/2021;07/02/2022;27/02/2022;Centralized client-server archive;nara.org;bvvius.nara.org;02/02/2022;02/09/2021;28/07/2021;CWJ-UV6-OQM;Server1;Y
B4I3DD;Randle;Laptop;NSKA;NR NSKA;Belgium;Accounting;310;11/03/2022;11/03/2024;22-497-7192;Windows;HP Elitebook 850 GS; HP;197.251.46.219;arandlel;NR NSKA;1503;26/09/2021;AG2;10.0.21033;1909;2;6.3;7.73;74;16384;i3;84;12;74;Belgium;3E-56-21-B6-D4-F1;;24/03/2021;07/03/2022;27/03/2022;Monitored interactive capacity;nska.int;b4i3dd.nska.int;30/01/2022;01/02/2022;07/02/2022;F7P-CYU-HOB;Server2;Y
RIM2RB;Ridges;Desktop;NXWA;NR NXWA;Spain;Support;195;02/02/2020;02/02/2022;66-917-3278;Windows;Latitude 7420;Dell;60.106.242.134;aridgesm;NR NXWA;1976;13/07/2021;AG2;10.0.21033;1909;10;3.6;4.74;95;12288;i9;83;14;42;Spain;5D-34-80-3E-F5-AB;;08/01/2021;05/12/2021;28/12/2021;Optional multi-tasking hierarchy;nxwa.int;rim2rb.nxwa.int;09/07/2021;15/12/2021;23/04/2021;CEH-XUV-FX3;Server1;Y
G5XC91;Ding;Tablet;NNJA;NR NNJA;Latvia;Product Management;390;08/03/2021;08/03/2023;22-824-2646;Android;T20; Nokia;6.180.211.227;sdingn;NR NNJA;1710;03/08/2021;AG1;10.0.19042;1909;2;0.61;0.44;36;16384;i5;4;20;29;Latvia;C7-F7-A3-75-07-8F;;18/02/2021;06/01/2022;24/01/2022;Switchable homogeneous workforce;nnja.int;g5xc91.nnja.int;10/03/2022;07/10/2021;17/01/2022;1W6-FWU-4O3;Server1;Y
FBI2EQ;Plowell;Desktop;NAQA;NR NAQA;Italy;Marketing;184;20/06/2020;20/06/2022;30-060-7017;Windows;Latitude 7420;Dell;132.209.17.233;dplowello;NR NAQA;1638;14/08/2021;AG1;10.0.21033;1909;5;0.7.8;0.22;61;4096;i7;78;15;86;Italy;82-44-37-B7-86-5F;;13/01/2021;16/12/2021;28/12/2021;Optimized methodical open architecture;naqa.int;fbi2eq.naqa.int;12/08/2021;03/08/2021;27/01/2022;E0B-E65-Z7K;Server2;Y
FJYLKG;Enevold;Laptop;NIJA;NR NIJA;the United Kingdom;Legal;373;22/06/2021;22/06/2023;39-959-8544;Windows;HP Elitebook 850 GS; HP;177.237.253.248;kenevoldp;NR NIJA;2022;31/03/2021;AG1;10.0.21033;1909;10;0.7.2;0.57;39;16384;i7;58;14;11;the United Kingdom;66-A8-AD-84-A0-43;;11/03/2021;19/02/2022;28/02/2022;Re-contextualized intermediate portal;nija.mil;fjylkg.nija.mil;22/02/2022;10/12/2021;06/08/2021;RMC-S7J-CP6;Server1;Y
U68TMR;Agge;Laptop;NRJA;NR NRJA;France;Training;207;29/10/2021;29/10/2023;61-049-0833;Windows;HP Elitebook 850 GS; HP;26.196.228.98;daggeq;NR NRJA;1626;05/08/2021;AG2;10.0.21033;20H2;6;0.4.2;6.79;90;4096;i7;84;19;54;France;B2-9C-C6-39-C4-CE;;01/03/2021;22/01/2022;09/02/2022;Mandatory user-facing internet solution;nrja.int;u68tmr.nrja.int;15/08/2021;17/06/2021;25/09/2021;T2H-RFQ-OH2;Server1;Y
ZC3DLY;Sealand;Tablet;NBMA;NR NBMA;Romania;Human Resources;310;28/09/2020;28/09/2022;71-404-9238;Android;T20; Nokia;127.123.51.39;lsealandr;NR NBMA;1654;24/07/2021;AG1;10.0.21033;20H2;5;5.4;1.97;40;4096;i3;52;13;32;Romania;79-BF-87-06-FD-22;;03/03/2021;26/01/2022;20/02/2022;Profit-focused attitude-oriented emulation;nbma.int;zc3dly.nbma.int;30/07/2021;29/04/2021;01/03/2022;X9U-DUP-E9P;Server2;Y
L52CK9;Tunno;Laptop;NREA;NC NREA;Slovakia;Research and Development;289;02/10/2020;02/10/2022;49-066-6512;Windows;HP Elitebook 850 GS; HP;81.109.54.191;atunnos;NC NREA;1999;24/03/2022;AG2;10.0.19042;20H2;10;2.0;0.14;83;16384;i7;67;16;90;Slovakia;95-B5-7A-CC-5A-DA;;21/03/2021;01/02/2022;28/02/2022;Ameliorated methodical architecture;nrea.int;l52ck9.nrea.int;23/12/2021;09/02/2022;01/08/2021;C9D-L5V-XU3;Server2;Y
C2KGL6;Tsarovic;Tablet;NLMA;NR NLMA;North Macedonia;Research and Development;336;21/01/2020;21/01/2022;82-838-9613;Android;T20; Nokia;121.243.234.131;ltsarovict;NR NLMA;1683;27/02/2022;AG1;10.0.21033;20H2;3;0.40;9.45;78;12288;i7;93;14;38;North Macedonia;77-F0-EC-B9-C6-81;;31/01/2021;20/12/2021;05/01/2022;Proactive object-oriented forecast;nlma.org;c2kgl6.nlma.org;20/02/2022;29/11/2021;29/09/2021;FJV-BWB-ZA4;Server1;Y
TEHA79;Pedrielli;Tablet;NMLA;NR NMLA;Italy;Product Management;496;27/11/2020;27/11/2022;73-449-9032;Android;T20; Nokia;86.123.207.240;dpedrielliu;NR NMLA;2146;21/07/2021;AG1;10.0.21033;1909;1;0.13;2.72;69;16384;i7;62;14;23;Italy;5E-19-83-E6-D5-15;;10/03/2021;23/02/2022;17/03/2022;Expanded optimal data-warehouse;nmla.mil;teha79.nmla.mil;01/01/2022;22/02/2022;27/02/2022;6S9-FUZ-UHQ;Server2;Y
G8K2EK;Denkel;Desktop;NSCA;NR NSCA;Luxembourg;Product Management;277;18/12/2020;18/12/2022;36-169-7802;Windows;Latitude 7420;Dell;195.132.21.137;odenkelv;NR NSCA;2134;19/06/2021;AG2;10.0.21033;1909;10;2.6;5.3;25;12288;i3;13;13;27;Luxembourg;17-8F-F5-AA-CD-B6;;28/03/2021;04/02/2022;08/02/2022;Phased encompassing matrices;nsca.int;g8k2ek.nsca.int;30/11/2021;11/06/2021;15/07/2021;YFS-OF1-GN8;Server1;Y
YYE3J3;Pirdy;Mobile;NTCA;NR NTCA;Italy;Research and Development;470;14/02/2021;14/02/2023;42-037-5026;Android;Galaxy S22;Samsung;38.105.189.28;tpirdyw;NR NTCA;1643;07/03/2022;AG2;10.0.21033;1909;4;0.1.1;2.9;28;4096;i7;91;17;43;Italy;54-32-38-5E-93-03;;16/03/2021;26/02/2022;21/03/2022;Persistent impactful project;ntca.org;yye3j3.ntca.org;05/01/2022;28/10/2021;20/12/2021;H68-VCJ-VHP;Server2;Y
GYU6A3;Kenney;Desktop;NKDA;NR NKDA;Latvia;Support;356;04/05/2021;04/05/2023;58-129-1430;Windows;Latitude 7420;Dell;101.26.4.143;gkenneyx;NR NKDA;1955;23/03/2022;AG2;10.0.19042;20H2;7;6.3.5;8.0.4;40;12288;i5;26;13;18;Latvia;FE-0A-B6-EB-7A-51;;16/03/2021;23/02/2022;18/03/2022;Visionary bottom-line Graphical User Interface;nkda.int;gyu6a3.nkda.int;07/08/2021;17/07/2021;02/12/2021;17H-BTW-BK8;Server2;Y
WGA3QY;Vickerstaff;Mobile;NMBA;NC NMBA;France;Engineering;412;10/03/2022;10/03/2024;00-013-4934;Android;Galaxy S22;Samsung;131.194.222.120;svickerstaffy;NC NMBA;1635;03/10/2021;AG2;10.0.19042;1909;5;0.73;5.2.3;81;8192;i5;68;10;57;France;FB-A0-CE-7A-76-B3;;30/03/2021;16/02/2022;12/03/2022;Exclusive background process improvement;nmba.mil;wga3qy.nmba.mil;03/04/2021;31/05/2021;22/08/2021;COG-R43-GMX;Server2;Y
J17R65;Tomlett;Mobile;NSPA;NR NSPA;Canada;Services;406;04/03/2020;04/03/2022;39-069-4625;Android;Galaxy S22;Samsung;236.179.210.43;ltomlettz;NR NSPA;1568;13/03/2022;AG1;10.0.19042;20H2;2;7.2;1.8;34;16384;i9;71;12;100;Canada;F9-00-2A-54-6D-79;;24/02/2021;10/01/2022;19/01/2022;Team-oriented needs-based artificial intelligence;nspa.mil;j17r65.nspa.mil;08/06/2021;03/04/2021;12/06/2021;OD4-2HY-IUL;Server2;Y
HMADN0;Blindt;Desktop;NLRA;NC NLRA;Estonia;Sales;443;08/03/2021;08/03/2023;40-498-9012;Windows;Latitude 7420;Dell;140.186.198.212;dblindt10;NC NLRA;1838;20/04/2021;AG2;10.0.21033;1909;9;6.50;2.2;65;16384;i3;95;20;67;Estonia;39-9C-5B-A5-70-27;;27/01/2021;19/12/2021;08/01/2022;Proactive zero defect focus group;nlra.int;hmadn0.nlra.int;03/12/2021;27/11/2021;15/02/2022;0BB-EZX-DOL;Server1;Y
P3HT61;Wenzel;Laptop;NDOA;NC NDOA;the Netherlands;Training;214;01/12/2021;01/12/2023;78-887-9920;Windows;HP Elitebook 850 GS; HP;221.175.52.223;cwenzel11;NC NDOA;1847;12/03/2022;AG2;10.0.21033;20H2;9;9.68;0.46;56;16384;i3;47;15;3;the Netherlands;CA-3F-45-3E-01-7C;;19/02/2021;03/01/2022;10/01/2022;Stand-alone encompassing circuit;ndoa.int;p3ht61.ndoa.int;27/02/2022;07/08/2021;10/10/2021;9TV-Q9T-TCY;Server2;Y
AGJF0B;Wadforth;Mobile;NKNA;NC NKNA;the United States;Marketing;336;24/04/2020;24/04/2022;23-776-6930;Android;Galaxy S22;Samsung;107.154.116.102;bwadforth12;NC NKNA;2128;31/01/2022;AG1;10.0.19042;1909;2;8.7;0.6.9;49;4096;i5;29;13;77;the United States;FB-DF-AC-0E-C8-4C;;19/01/2021;23/11/2021;11/12/2021;Self-enabling exuding product;nkna.int;agjf0b.nkna.int;21/12/2021;09/08/2021;22/01/2022;UW5-GMK-Y9I;Server2;Y
PW6F5L;Olin;Tablet;NDIA;NR NDIA;Iceland;Human Resources;420;02/09/2021;02/09/2023;60-266-2970;Android;T20; Nokia;199.139.206.103;molin13;NR NDIA;2121;01/09/2021;AG2;10.0.21033;20H2;10;1.7.9;0.34;51;8192;i7;4;14;79;Iceland;3A-4E-C3-55-04-2E;;24/02/2021;24/01/2022;20/02/2022;Digitized empowering protocol;ndia.int;pw6f5l.ndia.int;31/03/2021;11/09/2021;18/11/2021;PR2-MQ8-UAP;Server1;Y
PAY7BL;Grossier;Desktop;NWPA;NC NWPA;the United States;Research and Development;323;21/11/2020;21/11/2022;68-260-5185;Windows;Latitude 7420;Dell;28.76.61.62;mgrossier14;NC NWPA;2169;20/09/2021;AG2;10.0.21033;20H2;4;0.2.2;2.7.0;100;16384;i5;45;20;63;the United States;EE-60-5C-C8-50-1E;;06/03/2021;01/02/2022;07/02/2022;User-friendly eco-centric service-desk;nwpa.int;pay7bl.nwpa.int;22/05/2021;15/03/2022;26/06/2021;GLJ-60H-TFF;Server2;Y
RR8T3N;Terris;Mobile;NMGA;NR NMGA;Greece;Training;435;24/12/2021;24/12/2023;57-843-2808;Android;Galaxy S22;Samsung;147.87.119.252;cterris15;NR NMGA;1687;14/02/2022;AG1;10.0.21033;1909;1;8.4.1;4.7;65;8192;i3;15;19;65;Greece;63-CE-3C-6C-50-4A;;08/03/2021;05/02/2022;01/03/2022;Progressive actuating product;nmga.org;rr8t3n.nmga.org;05/12/2021;14/10/2021;25/02/2022;ELY-M7Z-PIY;Server1;Y
P6BJHX;Cyseley;Desktop;NUCA;NR NUCA;Slovenia;Accounting;295;06/02/2020;06/02/2022;50-453-7471;Windows;Latitude 7420;Dell;22.175.103.112;scyseley16;NR NUCA;1620;19/10/2021;AG2;10.0.19042;1909;4;6.7;0.14;15;16384;i7;69;20;16;Slovenia;32-BB-05-26-20-05;;09/02/2021;13/01/2022;20/01/2022;Re-engineered neutral conglomeration;nuca.org;p6bjhx.nuca.org;24/07/2021;01/03/2022;23/07/2021;DKT-V89-BUN;Server1;Y
CTXI8K;Allnatt;Laptop;NJUA;NR NJUA;Albania;Engineering;260;23/05/2020;23/05/2022;92-230-2816;Windows;HP Elitebook 850 GS; HP;55.243.167.233;nallnatt17;NR NJUA;1992;22/09/2021;AG2;10.0.21033;1909;4;4.00;7.0;90;16384;i5;64;14;2;Albania;93-20-DC-53-5A-E0;;22/02/2021;18/01/2022;29/01/2022;Profound responsive software;njua.int;ctxi8k.njua.int;22/10/2021;29/11/2021;04/01/2022;BTH-P6W-ICG;Server2;Y
MT0EUO;Delea;Desktop;NAGA;NC NAGA;Estonia;Support;369;20/02/2021;20/02/2023;27-453-5195;Windows;Latitude 7420;Dell;127.45.239.60;rdelea18;NC NAGA;1702;01/05/2021;AG2;10.0.19042;1909;5;0.32;0.15;1;8192;i9;68;10;86;Estonia;15-77-45-59-EB-77;;24/02/2021;07/01/2022;31/01/2022;Universal attitude-oriented pricing structure;naga.mil;mt0euo.naga.mil;29/06/2021;10/11/2021;20/08/2021;27Y-98N-1NX;Server2;Y
DITZI7;Portman;Tablet;NRSA;NR NRSA;the United Kingdom;Legal;394;15/07/2021;15/07/2023;23-513-5286;Android;T20; Nokia;168.191.28.12;bportman19;NR NRSA;2124;21/07/2021;AG1;10.0.21033;20H2;3;7.0;0.55;36;4096;i9;36;17;46;the United Kingdom;23-1D-FE-13-3C-C9;;13/01/2021;19/12/2021;16/01/2022;Function-based didactic paradigm;nrsa.int;ditzi7.nrsa.int;21/01/2022;09/09/2021;04/05/2021;XHA-O3I-08O;Server2;Y
KA8RSG;Roddick;Laptop;NFPA;NR NFPA;Germany;Product Management;205;23/02/2020;23/02/2022;76-398-4721;Windows;HP Elitebook 850 GS; HP;102.60.23.152;broddick1a;NR NFPA;2094;10/06/2021;AG1;10.0.21033;20H2;2;0.58;6.27;20;4096;i3;72;17;41;Germany;EF-26-52-66-8F-54;;07/03/2021;27/01/2022;04/02/2022;Synchronised radical approach;nfpa.int;ka8rsg.nfpa.int;25/07/2021;07/11/2021;03/02/2022;D3V-GOO-4Q1;Server2;Y
WWR3R8;Tilly;Desktop;NPJA;NC NPJA;Albania;Sales;334;07/07/2021;07/07/2023;36-271-0800;Windows;Latitude 7420;Dell;56.248.232.190;rtilly1b;NC NPJA;1890;18/07/2021;AG2;10.0.21033;1909;2;2.9;0.4.5;3;4096;i3;10;18;96;Albania;45-D4-85-B3-EA-39;;08/01/2021;09/12/2021;17/12/2021;Self-enabling actuating challenge;npja.mil;wwr3r8.npja.mil;05/12/2021;11/04/2021;23/12/2021;C04-K5Q-MND;Server1;Y
LE0FPP;McErlaine;Desktop;NKDA;NC NKDA;Iceland;Product Management;318;31/05/2021;31/05/2023;70-463-7824;Windows;Latitude 7420;Dell;251.28.134.186;bmcerlaine1c;NC NKDA;1748;15/06/2021;AG2;10.0.21033;1909;2;6.9.7;0.10;6;8192;i5;65;11;65;Iceland;E4-8B-A0-88-9B-4A;;15/01/2021;24/12/2021;11/01/2022;Assimilated zero tolerance artificial intelligence;nkda.int;le0fpp.nkda.int;10/02/2022;26/06/2021;29/11/2021;TP3-66Y-8GG;Server2;Y
IQWV07;Tassel;Desktop;NKFA;NR NKFA;Belgium;Accounting;298;08/08/2020;08/08/2022;57-220-1114;Windows;Latitude 7420;Dell;180.103.106.234;ctassel1d;NR NKFA;1828;20/01/2022;AG2;10.0.19042;20H2;7;2.4;0.81;15;12288;i9;65;13;31;Belgium;74-52-A5-16-B3-60;;03/01/2021;23/11/2021;28/11/2021;Cloned explicit matrices;nkfa.mil;iqwv07.nkfa.mil;12/04/2021;14/03/2022;22/02/2022;RYP-ILW-TGE;Server2;Y
DGLAPH;Brigden;Desktop;NUNA;NR NUNA;the Czech Republic;Business Development;199;20/05/2021;20/05/2023;93-110-9905;Windows;Latitude 7420;Dell;187.29.202.250;abrigden1e;NR NUNA;2038;12/05/2021;AG2;10.0.19042;1909;9;0.35;2.83;13;12288;i7;77;11;64;the Czech Republic;A5-36-70-72-26-A8;;31/01/2021;28/12/2021;05/01/2022;Configurable tangible product;nuna.int;dglaph.nuna.int;06/03/2022;21/06/2021;04/09/2021;J9D-7Z3-M8E;Server2;Y
WWR48N;Hallet;Mobile;NKVA;NR NKVA;Slovakia;Human Resources;352;13/01/2020;13/01/2022;07-229-1938;Android;Galaxy S22;Samsung;154.148.133.148;dhallet1f;NR NKVA;1995;30/05/2021;AG1;10.0.21033;20H2;7;6.5.0;0.81;76;4096;i9;57;14;25;Slovakia;0D-3B-86-07-3D-48;;06/02/2021;09/01/2022;17/01/2022;Organized exuding superstructure;nkva.int;wwr48n.nkva.int;25/11/2021;06/09/2021;02/11/2021;FRG-HKC-E2G;Server2;Y
KT9TJX;Levens;Laptop;NYWA;NR NYWA;North Macedonia;Training;184;13/12/2020;13/12/2022;28-431-2479;Windows;HP Elitebook 850 GS; HP;31.79.252.28;glevens1g;NR NYWA;1996;17/08/2021;AG1;10.0.19042;1909;1;0.6.7;0.2.0;27;4096;i7;89;18;19;North Macedonia;C5-42-EB-8C-64-39;;17/03/2021;26/01/2022;21/02/2022;Multi-tiered bandwidth-monitored attitude;nywa.int;kt9tjx.nywa.int;20/07/2021;14/09/2021;30/12/2021;0RY-QQQ-3J9;Server1;Y
WISB22;Florey;Mobile;NHKA;NR NHKA;the United Kingdom;Accounting;488;03/03/2020;03/03/2022;41-679-9529;Android;Galaxy S22;Samsung;87.3.45.186;vflorey1h;NR NHKA;1668;10/01/2022;AG1;10.0.19042;1909;8;0.3.1;0.1.2;77;12288;i7;67;20;91;the United Kingdom;D6-68-A6-81-17-36;;31/01/2021;30/11/2021;20/12/2021;Managed system-worthy time-frame;nhka.int;wisb22.nhka.int;31/03/2021;30/05/2021;22/02/2022;DA5-XP8-LYZ;Server2;Y
Y6AHHM;Bessent;Mobile;NFPA;NR NFPA;Lithuania;Engineering;114;02/01/2020;02/01/2022;26-191-2335;Android;Galaxy S22;Samsung;130.4.94.67;bbessent1i;NR NFPA;1591;06/03/2022;AG2;10.0.21033;20H2;5;2.1;3.8.7;13;4096;i5;37;19;93;Lithuania;CA-4F-9B-CC-15-32;;22/03/2021;23/01/2022;05/02/2022;Programmable full-range moratorium;nfpa.int;y6ahhm.nfpa.int;23/08/2021;24/10/2021;02/12/2021;RDR-MZY-XL4;Server1;Y
EUN7XH;Hacquoil;Mobile;NXYA;NR NXYA;North Macedonia;Sales;205;21/02/2022;21/02/2024;94-745-4644;Android;Galaxy S22;Samsung;169.213.240.33;khacquoil1j;NR NXYA;2098;23/03/2022;AG2;10.0.21033;1909;5;2.4.5;7.4.8;68;12288;i3;38;13;77;North Macedonia;8A-8D-A9-AF-E7-B1;;01/01/2021;18/11/2021;15/12/2021;Horizontal multi-state framework;nxya.int;eun7xh.nxya.int;22/10/2021;29/09/2021;01/11/2021;UVH-JEU-09M;Server2;Y
V7DFTV;Mettericke;Mobile;NZZA;NR NZZA;the Netherlands;Support;318;27/10/2020;27/10/2022;62-242-7478;Android;Galaxy S22;Samsung;246.232.144.166;dmettericke1k;NR NZZA;2028;16/05/2021;AG2;10.0.19042;20H2;8;2.95;4.82;57;8192;i5;73;12;49;the Netherlands;D6-8D-8D-E9-01-D8;;27/02/2021;04/01/2022;22/01/2022;Self-enabling coherent capacity;nzza.int;v7dftv.nzza.int;24/02/2022;16/01/2022;29/05/2021;WAO-QLS-K7U;Server2;Y
BR6B01;Vogele;Desktop;NKVA;NC NKVA;Germany;Training;216;25/02/2020;25/02/2022;97-873-6129;Windows;Latitude 7420;Dell;41.203.255.58;dvogele1l;NC NKVA;1927;13/07/2021;AG2;10.0.19042;1909;6;7.3.6;3.1.0;99;4096;i5;100;17;78;Germany;D1-5B-3B-29-8C-8E;;25/03/2021;24/02/2022;14/03/2022;Object-based national complexity;nkva.mil;br6b01.nkva.mil;01/10/2021;06/02/2022;01/02/2022;15I-ZQD-5YH;Server2;Y
OFJO4Q;Jenk;Tablet;NMPA;NC NMPA;Poland;Accounting;433;20/02/2021;20/02/2023;41-272-6005;Android;T20; Nokia;203.54.190.43;tjenk1m;NC NMPA;2095;23/12/2021;AG1;10.0.21033;1909;4;9.5;5.2.5;89;8192;i3;51;19;79;Poland;F2-FF-DB-E9-8D-CD;;03/01/2021;20/11/2021;08/12/2021;Pre-emptive human-resource solution;nmpa.int;ofjo4q.nmpa.int;13/07/2021;12/09/2021;17/03/2022;OC0-9QO-Q6V;Server1;Y
SIAB5P;Caveill;Mobile;NJAA;NR NJAA;Luxembourg;Business Development;358;23/08/2020;23/08/2022;92-299-0446;Android;Galaxy S22;Samsung;223.61.85.190;lcaveill1n;NR NJAA;2186;16/08/2021;AG1;10.0.21033;1909;8;0.47;0.19;85;12288;i3;87;12;47;Luxembourg;61-A9-F7-B5-F4-B8;;29/01/2021;06/01/2022;05/02/2022;Integrated secondary architecture;njaa.org;siab5p.njaa.org;13/05/2021;16/06/2021;01/10/2021;ZZ0-V2F-WJU;Server1;Y
FJG95V;Silk;Mobile;NMZA;NR NMZA;Slovakia;Legal;122;23/08/2021;23/08/2023;21-531-6268;Android;Galaxy S22;Samsung;133.141.19.222;nsilk1o;NR NMZA;1859;03/11/2021;AG1;10.0.21033;20H2;9;0.27;2.31;81;16384;i3;99;18;79;Slovakia;FA-7E-76-B3-23-00;;20/03/2021;14/01/2022;24/01/2022;Synergistic global time-frame;nmza.mil;fjg95v.nmza.mil;16/12/2021;14/08/2021;12/06/2021;JY1-LGS-YPV;Server1;Y
HKZG9F;O'Tuohy;Laptop;NEIA;NR NEIA;Iceland;Sales;400;01/10/2020;01/10/2022;05-912-7338;Windows;HP Elitebook 850 GS; HP;97.166.133.57;wotuohy1p;NR NEIA;1566;15/11/2021;AG2;10.0.19042;20H2;1;0.3.6;8.72;42;12288;i3;6;15;94;Iceland;F9-66-B9-9D-74-99;;28/01/2021;04/12/2021;31/12/2021;Universal clear-thinking paradigm;neia.mil;hkzg9f.neia.mil;12/04/2021;09/09/2021;14/11/2021;9YO-46Y-ZSS;Server1;Y
PTUT1C;Vero;Desktop;NCFA;NR NCFA;Germany;Engineering;462;29/10/2020;29/10/2022;39-254-2601;Windows;Latitude 7420;Dell;201.85.154.80;tvero1q;NR NCFA;2082;23/01/2022;AG1;10.0.21033;20H2;7;8.8;4.4.0;100;12288;i5;11;13;81;Germany;67-85-9E-38-53-34;;15/01/2021;13/12/2021;24/12/2021;Open-architected 4th generation orchestration;ncfa.int;ptut1c.ncfa.int;23/05/2021;22/01/2022;13/04/2021;H6L-9YL-LUS;Server1;Y
W1BDTN;Collelton;Mobile;NDIA;NC NDIA;Belgium;Accounting;208;05/12/2020;05/12/2022;71-800-4365;Android;Galaxy S22;Samsung;89.86.69.191;ccollelton1r;NC NDIA;1825;04/11/2021;AG2;10.0.21033;20H2;1;0.8.3;0.40;13;8192;i3;53;14;94;Belgium;C6-76-84-AF-A3-1F;;21/01/2021;17/11/2021;04/12/2021;Persevering context-sensitive parallelism;ndia.int;w1bdtn.ndia.int;09/03/2022;22/09/2021;23/05/2021;AA1-1T9-PD3;Server1;Y
WG6GFT;Stanwix;Mobile;NKNA;NR NKNA;Canada;Marketing;390;15/08/2021;15/08/2023;19-399-1333;Android;Galaxy S22;Samsung;195.249.171.77;tstanwix1s;NR NKNA;2098;31/08/2021;AG2;10.0.19042;20H2;3;2.16;5.0.0;15;16384;i3;34;18;100;Canada;E8-9B-75-EB-79-12;;10/03/2021;15/01/2022;25/01/2022;Proactive national policy;nkna.int;wg6gft.nkna.int;13/04/2021;22/09/2021;25/11/2021;1LK-IC5-WT9;Server1;Y
APAT97;Whicher;Tablet;NSWA;NR NSWA;the United Kingdom;Engineering;443;12/03/2020;12/03/2022;86-833-4075;Android;T20; Nokia;21.40.68.41;gwhicher1t;NR NSWA;2182;17/10/2021;AG1;10.0.19042;1909;4;0.73;0.11;20;12288;i7;18;18;9;the United Kingdom;F7-7D-42-40-89-5D;;17/01/2021;31/12/2021;08/01/2022;Grass-roots even-keeled circuit;nswa.mil;apat97.nswa.mil;21/06/2021;23/06/2021;06/10/2021;WUM-ESN-KO0;Server2;Y
L4UV5K;Shark;Desktop;NMQA;NR NMQA;Norway;Legal;134;13/03/2022;13/03/2024;24-408-3786;Windows;Latitude 7420;Dell;182.252.13.52;bshark1u;NR NMQA;1552;21/04/2021;AG1;10.0.21033;1909;8;0.1.4;3.4.4;63;8192;i3;66;14;5;Norway;06-1D-21-F5-B5-67;;27/02/2021;23/01/2022;16/02/2022;De-engineered upward-trending middleware;nmqa.int;l4uv5k.nmqa.int;19/05/2021;27/10/2021;26/10/2021;REO-KKQ-O2V;Server2;Y
WIC9HU;Levinge;Desktop;NENA;NR NENA;Belgium;Support;369;01/11/2021;01/11/2023;22-363-5915;Windows;Latitude 7420;Dell;88.16.164.122;tlevinge1v;NR NENA;2048;06/07/2021;AG2;10.0.21033;20H2;9;1.0;6.6.9;40;8192;i5;5;17;53;Belgium;EF-13-4B-B9-97-00;;04/02/2021;08/12/2021;05/01/2022;Distributed fresh-thinking neural-net;nena.int;wic9hu.nena.int;07/12/2021;17/11/2021;24/06/2021;VNE-C2C-WNV;Server1;Y
WT4KT2;Bedells;Desktop;NUUA;NR NUUA;Denmark;Research and Development;407;04/01/2021;04/01/2023;70-618-6337;Windows;Latitude 7420;Dell;214.147.199.183;dbedells1w;NR NUUA;1544;12/07/2021;AG1;10.0.19042;20H2;5;6.7.5;2.8.2;73;12288;i5;54;16;34;Denmark;A4-F8-50-14-F2-C0;;10/03/2021;16/01/2022;01/02/2022;Managed zero defect secured line;nuua.mil;wt4kt2.nuua.mil;29/01/2022;07/04/2021;29/03/2022;77P-089-XIC;Server1;Y
HHN4QJ;Cornely;Desktop;NJJA;NR NJJA;Spain;Support;441;09/03/2022;09/03/2024;72-486-7016;Windows;Latitude 7420;Dell;109.240.192.53;scornely1x;NR NJJA;1685;01/06/2021;AG1;10.0.21033;1909;8;5.6.9;0.21;60;12288;i7;8;19;76;Spain;FC-39-3E-D5-41-60;;07/02/2021;21/01/2022;20/02/2022;Exclusive reciprocal framework;njja.int;hhn4qj.njja.int;08/04/2021;12/02/2022;19/08/2021;ZAT-QHY-RGF;Server1;Y
WM30HH;Doore;Laptop;NHXA;NR NHXA;France;Marketing;355;30/08/2020;30/08/2022;50-039-7953;Windows;HP Elitebook 850 GS; HP;73.224.149.13;ddoore1y;NR NHXA;2184;11/07/2021;AG2;10.0.19042;20H2;7;0.7.8;0.35;6;8192;i7;37;20;50;France;92-37-91-1E-71-E2;;13/02/2021;15/01/2022;22/01/2022;Grass-roots leading edge open architecture;nhxa.int;wm30hh.nhxa.int;12/01/2022;21/04/2021;21/07/2021;LBI-MKS-E3A;Server2;Y
GN7DJL;Jeafferson;Desktop;NGAA;NR NGAA;Romania;Human Resources;336;15/12/2021;15/12/2023;02-936-4192;Windows;Latitude 7420;Dell;142.2.43.178;ajeafferson1z;NR NGAA;2063;14/03/2022;AG2;10.0.21033;20H2;7;0.7.7;9.43;58;16384;i3;96;14;68;Romania;34-E2-C2-B5-1E-75;;29/01/2021;21/12/2021;15/01/2022;Visionary encompassing superstructure;ngaa.int;gn7djl.ngaa.int;12/10/2021;25/05/2021;26/09/2021;G0F-X63-HVH;Server2;Y
OL16VB;Cornner;Desktop;NTGA;NR NTGA;Canada;Accounting;444;29/06/2021;29/06/2023;48-114-0227;Windows;Latitude 7420;Dell;70.78.105.138;mcornner20;NR NTGA;1824;25/09/2021;AG2;10.0.19042;1909;9;7.86;0.9.7;69;8192;i5;53;17;97;Canada;3C-66-93-9E-32-C4;;03/02/2021;13/01/2022;03/02/2022;Secured systemic infrastructure;ntga.int;ol16vb.ntga.int;18/01/2022;13/05/2021;30/07/2021;K2B-MBU-RUY;Server1;Y
U427XE;Aldington;Desktop;NIDA;NR NIDA;France;Product Management;319;24/02/2021;24/02/2023;90-216-9055;Windows;Latitude 7420;Dell;235.39.213.242;raldington21;NR NIDA;2151;14/10/2021;AG1;10.0.19042;1909;1;6.1.1;1.2;87;16384;i9;98;16;60;France;64-DF-EE-DF-B2-FF;;03/02/2021;03/01/2022;04/01/2022;Seamless cohesive contingency;nida.mil;u427xe.nida.mil;18/08/2021;17/12/2021;31/03/2021;RVZ-QB8-I0G;Server1;Y
W6OVLU;Laws;Laptop;NVCA;NC NVCA;Hungary;Support;427;15/02/2020;15/02/2022;25-861-5063;Windows;HP Elitebook 850 GS; HP;44.211.126.138;klaws22;NC NVCA;1753;18/07/2021;AG1;10.0.19042;20H2;7;0.3.8;9.23;4;16384;i9;71;19;86;Hungary;46-E0-E3-A4-B0-07;;28/01/2021;30/12/2021;09/01/2022;Optional global matrices;nvca.int;w6ovlu.nvca.int;01/07/2021;19/12/2021;18/10/2021;MQ8-KDW-2I5;Server2;Y
N79LRY;Brims;Desktop;NBTA;NR NBTA;Luxembourg;Human Resources;233;25/07/2020;25/07/2022;29-490-7595;Windows;Latitude 7420;Dell;172.246.138.47;nbrims23;NR NBTA;1634;27/12/2021;AG2;10.0.21033;1909;9;4.44;0.6.9;74;8192;i7;15;10;63;Luxembourg;BF-33-4B-FE-62-C2;;28/03/2021;31/01/2022;25/02/2022;Open-architected tertiary monitoring;nbta.int;n79lry.nbta.int;20/02/2022;03/06/2021;22/03/2022;1JO-JSF-R8S;Server2;Y
RKWHA6;Beeson;Mobile;NKOA;NC NKOA;Slovakia;Training;465;24/12/2021;24/12/2023;84-440-4375;Android;Galaxy S22;Samsung;28.104.97.117;ibeeson24;NC NKOA;1517;08/01/2022;AG1;10.0.21033;20H2;1;0.75;9.9;43;12288;i7;63;13;88;Slovakia;C1-F7-87-31-95-86;;18/01/2021;23/11/2021;21/12/2021;Decentralized global secured line;nkoa.mil;rkwha6.nkoa.mil;11/09/2021;21/07/2021;27/07/2021;1O6-E56-60L;Server1;Y
EFKQTK;Hammel;Tablet;NKUA;NR NKUA;Greece;Business Development;334;13/06/2020;13/06/2022;98-649-5400;Android;T20; Nokia;92.24.59.222;lhammel25;NR NKUA;1947;28/09/2021;AG2;10.0.21033;20H2;8;0.98;0.4.1;42;16384;i9;54;20;70;Greece;35-FE-C9-B1-C5-92;;06/01/2021;29/11/2021;09/12/2021;Object-based discrete middleware;nkua.int;efkqtk.nkua.int;20/05/2021;11/06/2021;19/12/2021;EUX-WNP-BKD;Server1;Y
E76G3W;MacNeely;Laptop;NZGA;NR NZGA;Lithuania;Engineering;206;30/12/2021;30/12/2023;65-765-0197;Windows;HP Elitebook 850 GS; HP;176.191.123.191;mmacneely26;NR NZGA;2043;16/11/2021;AG1;10.0.21033;1909;4;5.64;5.6;79;16384;i5;8;20;31;Lithuania;B8-BC-DD-68-77-C3;;21/03/2021;06/02/2022;21/02/2022;Front-line bi-directional artificial intelligence;nzga.int;e76g3w.nzga.int;19/02/2022;14/11/2021;21/03/2022;MGB-AHE-WSQ;Server1;Y
VU1WS1;O'Docherty;Laptop;NCCA;NR NCCA;Bulgaria;Business Development;247;06/02/2020;06/02/2022;48-552-5274;Windows;HP Elitebook 850 GS; HP;224.143.134.49;bodocherty27;NR NCCA;2118;10/07/2021;AG1;10.0.19042;1909;7;6.08;0.3.7;34;16384;i3;21;11;10;Bulgaria;85-3C-99-E2-61-71;;27/01/2021;10/01/2022;13/01/2022;Assimilated cohesive open system;ncca.int;vu1ws1.ncca.int;09/10/2021;18/11/2021;05/04/2021;STV-H9L-677;Server2;Y
AFT4ZW;Vannozzii;Laptop;NTGA;NR NTGA;Turkey;Product Management;163;02/06/2020;02/06/2022;31-849-8649;Windows;HP Elitebook 850 GS; HP;227.210.101.74;tvannozzii28;NR NTGA;1517;06/06/2021;AG2;10.0.19042;20H2;4;1.8;9.05;48;16384;i3;25;14;24;Turkey;24-EC-4B-D5-7D-C3;;21/03/2021;01/03/2022;12/03/2022;Streamlined solution-oriented model;ntga.mil;aft4zw.ntga.mil;29/04/2021;22/02/2022;23/05/2021;OQ5-25K-2CL;Server2;Y
UUXV8X;McGroarty;Mobile;NWPA;NR NWPA;Latvia;Accounting;113;12/02/2022;12/02/2024;28-355-5266;Android;Galaxy S22;Samsung;85.210.87.127;rmcgroarty29;NR NWPA;2132;23/05/2021;AG2;10.0.21033;1909;5;2.0.5;0.4.0;31;4096;i5;80;14;49;Latvia;BD-7C-1E-F3-64-AC;;06/02/2021;06/01/2022;23/01/2022;Configurable foreground interface;nwpa.int;uuxv8x.nwpa.int;04/10/2021;17/03/2022;15/05/2021;XL7-0WR-67L;Server2;Y
J6G8JW;Mc Curlye;Desktop;NIWA;NR NIWA;Latvia;Research and Development;365;20/09/2020;20/09/2022;12-706-4134;Windows;Latitude 7420;Dell;89.22.180.167;wmccurlye2a;NR NIWA;2148;17/08/2021;AG1;10.0.19042;1909;6;0.30;0.7.1;88;8192;i5;90;16;26;Latvia;C5-89-AE-ED-5B-8C;;04/03/2021;07/02/2022;11/02/2022;Decentralized demand-driven success;niwa.int;j6g8jw.niwa.int;03/06/2021;07/01/2022;06/12/2021;5SQ-WZP-G3R;Server1;Y
TDD9W0;Kobpac;Desktop;NJCA;NR NJCA;Estonia;Training;456;18/03/2021;18/03/2023;90-923-1086;Windows;Latitude 7420;Dell;189.90.12.64;bkobpac2b;NR NJCA;1531;31/05/2021;AG1;10.0.21033;1909;10;7.8;0.33;93;12288;i9;80;11;75;Estonia;C6-9E-93-A9-C0-13;;18/02/2021;26/01/2022;08/02/2022;Self-enabling global budgetary management;njca.int;tdd9w0.njca.int;22/02/2022;23/10/2021;08/04/2021;FLW-B0P-ZKZ;Server1;Y
ZVFMDU;Springell;Laptop;NZQA;NR NZQA;Bulgaria;Business Development;272;30/03/2021;30/03/2023;86-948-0207;Windows;HP Elitebook 850 GS; HP;95.154.25.155;gspringell2c;NR NZQA;1583;10/08/2021;AG2;10.0.19042;20H2;1;0.95;0.80;14;16384;i7;46;11;2;Bulgaria;F5-0D-B2-70-88-FE;;04/02/2021;04/12/2021;19/12/2021;Visionary zero tolerance artificial intelligence;nzqa.int;zvfmdu.nzqa.int;28/06/2021;05/05/2021;04/04/2021;HJ8-QYO-4LS;Server1;Y
O8AF7Q;Lennie;Tablet;NTIA;NC NTIA;the Netherlands;Marketing;153;15/01/2020;15/01/2022;46-682-7106;Android;T20; Nokia;4.18.54.226;llennie2d;NC NTIA;2189;27/07/2021;AG1;10.0.21033;1909;1;1.2.4;4.1.0;22;4096;i9;93;14;2;the Netherlands;A5-6A-69-21-1B-29;;12/02/2021;14/12/2021;29/12/2021;Profound contextually-based collaboration;ntia.int;o8af7q.ntia.int;10/08/2021;14/08/2021;21/09/2021;26R-T45-2AW;Server2;Y
UMYQSX;Silkston;Laptop;NKVA;NR NKVA;Albania;Product Management;291;18/04/2021;18/04/2023;78-646-8282;Windows;HP Elitebook 850 GS; HP;178.93.223.95;hsilkston2e;NR NKVA;2151;30/04/2021;AG1;10.0.21033;20H2;1;3.5;4.00;25;16384;i3;57;16;72;Albania;1E-A0-CB-40-D1-E7;;02/02/2021;18/12/2021;07/01/2022;Virtual mission-critical instruction set;nkva.org;umyqsx.nkva.org;02/05/2021;13/01/2022;21/07/2021;QQU-W5K-L2F;Server2;Y
C6E0UA;McCarrison;Laptop;NTMA;NC NTMA;the United Kingdom;Training;239;13/02/2022;13/02/2024;10-747-3560;Windows;HP Elitebook 850 GS; HP;192.146.55.227;smccarrison2f;NC NTMA;2119;25/03/2022;AG1;10.0.21033;1909;10;3.0.9;0.3.8;27;4096;i7;35;12;93;the United Kingdom;36-E9-26-C1-E2-B2;;24/01/2021;15/12/2021;14/01/2022;Upgradable dedicated collaboration;ntma.mil;c6e0ua.ntma.mil;08/09/2021;02/03/2022;22/10/2021;N6J-QOB-240;Server1;Y
OW0EWI;Gremane;Laptop;NDSA;NR NDSA;Greece;Marketing;316;11/01/2021;11/01/2023;35-002-5586;Windows;HP Elitebook 850 GS; HP;9.98.122.66;bgremane2g;NR NDSA;1868;02/10/2021;AG1;10.0.21033;1909;10;0.40;0.14;1;8192;i5;60;17;35;Greece;B7-99-89-F6-50-8B;;13/02/2021;01/01/2022;15/01/2022;Visionary fault-tolerant workforce;ndsa.mil;ow0ewi.ndsa.mil;01/11/2021;21/08/2021;17/03/2022;V57-SZR-FZ0;Server1;Y
N7Z3P8;Kinder;Desktop;NPOA;NR NPOA;Poland;Human Resources;146;27/02/2021;27/02/2023;89-624-5593;Windows;Latitude 7420;Dell;53.114.5.36;kkinder2h;NR NPOA;2067;10/11/2021;AG1;10.0.21033;20H2;7;0.43;0.3.5;13;8192;i9;5;17;67;Poland;3F-00-49-17-C4-F7;;14/02/2021;17/01/2022;11/02/2022;Configurable secondary flexibility;npoa.int;n7z3p8.npoa.int;18/10/2021;14/06/2021;23/12/2021;8KM-FYK-VG2;Server1;Y
QLFWCV;Shepstone;Mobile;NAUA;NR NAUA;Germany;Support;153;21/12/2020;21/12/2022;97-820-0964;Android;Galaxy S22;Samsung;46.83.212.29;hshepstone2i;NR NAUA;1621;27/04/2021;AG2;10.0.19042;1909;8;4.9;0.2.4;68;16384;i9;24;17;60;Germany;D4-75-4A-C1-2E-19;;02/02/2021;04/12/2021;28/12/2021;Open-source static project;naua.int;qlfwcv.naua.int;29/07/2021;31/03/2021;09/08/2021;1ST-FF7-HR5;Server1;Y
HHLW8R;Twycross;Tablet;NQYA;NR NQYA;France;Marketing;366;06/08/2020;06/08/2022;02-292-9217;Android;T20; Nokia;61.173.80.152;rtwycross2j;NR NQYA;1793;17/11/2021;AG1;10.0.19042;1909;7;1.4.4;0.58;84;16384;i3;50;16;37;France;B7-EE-8E-0A-C0-BD;;11/01/2021;22/11/2021;21/12/2021;Business-focused content-based array;nqya.mil;hhlw8r.nqya.mil;12/03/2022;14/10/2021;08/12/2021;YQK-ZEU-CET;Server1;Y
IVDRQS;Thys;Laptop;NDTA;NC NDTA;Canada;Human Resources;275;11/02/2020;11/02/2022;44-736-5557;Windows;HP Elitebook 850 GS; HP;190.169.216.16;lthys2k;NC NDTA;1698;23/03/2022;AG2;10.0.19042;1909;1;3.2;0.3.6;2;8192;i3;93;17;23;Canada;42-01-55-D1-78-FB;;02/03/2021;07/02/2022;14/02/2022;Expanded 6th generation data-warehouse;ndta.int;ivdrqs.ndta.int;11/02/2022;22/03/2022;20/09/2021;J7T-DQ4-BNT;Server2;Y
E6TO27;McCurtin;Laptop;NLJA;NR NLJA;North Macedonia;Marketing;293;18/12/2021;18/12/2023;54-009-4885;Windows;HP Elitebook 850 GS; HP;166.161.233.150;amccurtin2l;NR NLJA;2019;23/04/2021;AG2;10.0.21033;20H2;10;8.5.6;8.4.7;31;8192;i5;23;12;17;North Macedonia;DC-49-2C-21-2C-D2;;12/02/2021;27/12/2021;28/12/2021;Profound coherent customer loyalty;nlja.mil;e6to27.nlja.mil;22/04/2021;03/10/2021;19/06/2021;XLP-JYX-JKJ;Server2;Y
X8QCKZ;Wytchard;Laptop;NFXA;NC NFXA;Bulgaria;Support;271;04/03/2021;04/03/2023;25-901-1638;Windows;HP Elitebook 850 GS; HP;169.13.186.85;kwytchard2m;NC NFXA;1652;08/01/2022;AG2;10.0.19042;1909;7;0.6.4;0.6.2;3;8192;i3;10;20;66;Bulgaria;88-6D-94-B1-79-3E;;23/01/2021;26/11/2021;25/12/2021;Customer-focused analyzing support;nfxa.org;x8qckz.nfxa.org;16/07/2021;15/02/2022;17/01/2022;F0A-W8O-0A4;Server2;Y
F9Q7OY;Oldroyd;Desktop;NJJA;NR NJJA;the United Kingdom;Engineering;153;14/01/2021;14/01/2023;60-071-8727;Windows;Latitude 7420;Dell;191.201.100.69;boldroyd2n;NR NJJA;1951;04/03/2022;AG1;10.0.19042;1909;10;8.5.8;0.46;94;4096;i9;2;20;10;the United Kingdom;4B-BF-0A-D8-D7-AA;;13/03/2021;07/01/2022;18/01/2022;De-engineered zero tolerance customer loyalty;njja.mil;f9q7oy.njja.mil;13/06/2021;10/06/2021;10/08/2021;691-WOQ-JFW;Server1;Y
UPKKHG;Platfoot;Desktop;NOUA;NR NOUA;the Netherlands;Legal;462;11/05/2021;11/05/2023;94-193-7793;Windows;Latitude 7420;Dell;239.207.165.99;aplatfoot2o;NR NOUA;2050;17/05/2021;AG2;10.0.21033;20H2;6;9.0.9;3.00;83;4096;i3;87;11;37;the Netherlands;84-EE-E2-20-F5-F6;;26/01/2021;01/12/2021;04/12/2021;Multi-tiered fresh-thinking model;noua.int;upkkhg.noua.int;30/01/2022;04/12/2021;08/01/2022;84D-TEY-QZH;Server1;Y
QW3H5A;Daly;Desktop;NYYA;NR NYYA;Hungary;Training;118;09/01/2020;09/01/2022;80-354-3609;Windows;Latitude 7420;Dell;207.7.138.237;jdaly2p;NR NYYA;1562;19/03/2022;AG2;10.0.21033;1909;5;0.5.8;3.0;27;8192;i5;36;20;20;Hungary;D6-48-B9-57-5A-11;;26/02/2021;29/01/2022;15/02/2022;Triple-buffered user-facing extranet;nyya.mil;qw3h5a.nyya.mil;06/11/2021;06/04/2021;21/07/2021;FIU-9GX-5F4;Server2;Y
IXDHBT;Malsher;Tablet;NQWA;NR NQWA;the Netherlands;Product Management;275;20/09/2021;20/09/2023;14-578-6443;Android;T20; Nokia;115.88.228.79;mmalsher2q;NR NQWA;1793;17/01/2022;AG1;10.0.19042;20H2;2;0.39;0.19;43;8192;i9;98;16;7;the Netherlands;0A-AD-C4-F9-A9-FC;;19/01/2021;04/01/2022;01/02/2022;Front-line next generation alliance;nqwa.mil;ixdhbt.nqwa.mil;10/07/2021;03/12/2021;13/10/2021;09I-2UB-8I2;Server2;Y
R1MO6A;Castelletto;Mobile;NISA;NR NISA;the Czech Republic;Training;109;19/03/2021;19/03/2023;69-603-0650;Android;Galaxy S22;Samsung;220.137.5.134;kcastelletto2r;NR NISA;2063;22/10/2021;AG2;10.0.19042;1909;9;0.23;8.12;30;4096;i5;33;18;91;the Czech Republic;1E-D9-9D-13-F8-36;;01/02/2021;30/11/2021;22/12/2021;Object-based 4th generation architecture;nisa.int;r1mo6a.nisa.int;22/02/2022;30/10/2021;31/12/2021;HJB-CV0-H82;Server1;Y